User ID,first_name,last_name,email,gender,age
1,Zachariah,Hairyes,zhairyes0@epa.gov,Male,20
2,Doug,Minihan,dminihan1@cam.ac.uk,Non-binary,23
3,Yvonne,Kopps,ykopps2@live.com,Female,68
4,Jenny,McIlwain,jmcilwain3@newsvine.com,Female,69
5,Kenna,Jeacop,kjeacop4@wired.com,Female,27
6,Milzie,Lippard,mlippard5@jimdo.com,Female,43
7,Flinn,De Mars,fdemars6@discovery.com,Male,56
8,Hesther,Canto,hcanto7@parallels.com,Female,23
9,Benedetta,Lacotte,blacotte8@geocities.jp,Female,21
10,Edwina,Derisly,ederisly9@dagondesign.com,Female,20
11,Lucais,Fernandez,lfernandeza@senate.gov,Male,25
12,Price,Broadberrie,pbroadberrieb@arizona.edu,Male,28
13,Joanie,Duplock,jduplockc@symantec.com,Female,53
14,Maxie,Greenlees,mgreenleesd@ftc.gov,Male,19
15,Cello,McGroarty,cmcgroartye@upenn.edu,Male,18
16,Hector,Norledge,hnorledgef@timesonline.co.uk,Polygender,23
17,Finlay,Prover,fproverg@amazon.com,Male,31
18,Maurise,Larking,mlarkingh@studiopress.com,Male,67
19,Logan,Gomby,lgombyi@bizjournals.com,Male,28
20,Marchelle,Haswall,mhaswallj@google.cn,Female,48
21,Ophelie,Juliff,ojuliffk@bigcartel.com,Female,35
22,Mord,Lathbury,mlathburyl@dropbox.com,Male,28
23,Donal,Corbie,dcorbiem@bloglines.com,Male,28
24,Wainwright,Endrighi,wendrighin@sogou.com,Male,58
25,Oralee,Coley,ocoleyo@symantec.com,Female,32
26,Mitchel,Schreurs,mschreursp@ebay.com,Male,53
27,Lisabeth,Fairlem,lfairlemq@unblog.fr,Female,37
28,James,Dowdell,jdowdellr@t.co,Male,23
29,Tawsha,Glencrash,tglencrashs@linkedin.com,Female,54
30,Boote,Mosby,bmosbyt@ow.ly,Male,65
31,Mirabelle,Phizackerly,mphizackerlyu@yandex.ru,Female,21
32,Kara-lynn,Skoggins,kskogginsv@devhub.com,Female,55
33,Brodie,Calvard,bcalvardw@slate.com,Male,24
34,Gavin,Dulany,gdulanyx@census.gov,Male,33
35,Clotilda,Belcher,cbelchery@lycos.com,Female,23
36,Dale,Benettelli,dbenettelliz@alexa.com,Male,21
37,Aundrea,Hudspeth,ahudspeth10@instagram.com,Female,60
38,Gloriane,Newcombe,gnewcombe11@wix.com,Female,73
39,Mozelle,Pullan,mpullan12@webnode.com,Female,60
40,Neddy,German,ngerman13@cdbaby.com,Male,26
41,Care,Kerley,ckerley14@dailymotion.com,Male,23
42,Nevsa,Eastlake,neastlake15@thetimes.co.uk,Female,42
43,Lina,Jennings,ljennings16@wsj.com,Female,27
44,Rasia,Haquin,rhaquin17@vkontakte.ru,Female,70
45,Giffard,O' Dooley,godooley18@devhub.com,Male,22
46,Windham,Sainsberry,wsainsberry19@who.int,Agender,68
47,Wendy,Meekin,wmeekin1a@xing.com,Female,38
48,Winnie,Primo,wprimo1b@bloomberg.com,Female,44
49,Madelene,Arnoll,marnoll1c@phoca.cz,Female,29
50,Hubert,Fullagar,hfullagar1d@jimdo.com,Male,48
51,Alejoa,Chaperlin,achaperlin1e@networksolutions.com,Male,24
52,Mandie,Paoli,mpaoli1f@bluehost.com,Female,44
53,Trudie,Guille,tguille1g@163.com,Female,24
54,Denni,Cockings,dcockings1h@naver.com,Female,74
55,Olav,Aggis,oaggis1i@free.fr,Male,20
56,Kerby,Shaplin,kshaplin1j@weather.com,Male,23
57,Garvey,Gillespey,ggillespey1k@istockphoto.com,Male,21
58,Raymond,Korneluk,rkorneluk1l@cocolog-nifty.com,Male,61
59,Norby,Westmoreland,nwestmoreland1m@hugedomains.com,Male,51
60,Kalina,Rushman,krushman1n@nps.gov,Female,65
61,Louise,Bingell,lbingell1o@sfgate.com,Female,51
62,Farlee,Brightling,fbrightling1p@craigslist.org,Male,29
63,Rustie,Cotton,rcotton1q@census.gov,Male,22
64,Hendrick,Plampeyn,hplampeyn1r@qq.com,Male,66
65,Hyacinthe,Brogiotti,hbrogiotti1t@adobe.com,Bigender,70
66,Gualterio,Cuxon,gcuxon1u@flickr.com,Male,23
67,Wiatt,Pidgeon,wpidgeon1v@squidoo.com,Male,44
68,Audi,Hedon,ahedon1w@geocities.jp,Female,52
69,Josephine,Nutbean,jnutbean1x@baidu.com,Female,21
70,Schuyler,Regis,sregis1y@tumblr.com,Male,43
71,Daffie,Carlesso,dcarlesso1z@weather.com,Female,36
72,Kaye,Heintzsch,kheintzsch20@ucoz.com,Female,32
73,Kelbee,Marner,kmarner21@indiegogo.com,Male,18
74,Burlie,Boanas,bboanas22@twitpic.com,Male,28
75,Harriet,Jobke,hjobke23@clickbank.net,Female,32
76,Berkie,Cluelow,bcluelow24@apple.com,Male,42
77,Jobi,Minot,jminot25@godaddy.com,Genderfluid,32
78,Mollee,Riddiough,mriddiough26@zimbio.com,Female,60
79,Celle,Grzegorczyk,cgrzegorczyk27@zimbio.com,Female,26
80,Timmie,Kleisle,tkleisle28@hp.com,Male,52
81,Vaughn,Waleran,vwaleran29@craigslist.org,Male,50
82,Bettine,Janouch,bjanouch2a@netscape.com,Female,71
83,Harlene,Haslehurst,hhaslehurst2b@about.me,Female,18
84,Bessy,McGonagle,bmcgonagle2c@nbcnews.com,Polygender,28
85,Forrest,Hainsworth,fhainsworth2d@taobao.com,Male,18
86,Tarra,Kaszper,tkaszper2e@over-blog.com,Female,41
87,Eward,Wagge,ewagge2f@google.com,Male,61
88,Joice,Ortiga,jortiga2g@discovery.com,Female,33
89,Sara,Salvati,ssalvati2h@fema.gov,Female,45
90,Kylila,Donnachie,kdonnachie2i@g.co,Female,56
91,Nathanial,Sollitt,nsollitt2j@newsvine.com,Male,75
92,Wendye,Vlasyev,wvlasyev2k@hibu.com,Female,71
93,Lou,Cain,lcain2l@ox.ac.uk,Female,32
94,Bink,Boydon,bboydon2m@1688.com,Male,47
95,Kylen,Reuther,kreuther2n@domainmarket.com,Female,51
96,Ellette,Tabbernor,etabbernor2o@comcast.net,Female,39
97,Marcelia,Matusson,mmatusson2p@reverbnation.com,Female,69
98,Linn,Kybert,lkybert2r@domainmarket.com,Male,20
99,Marcus,Secret,msecret2s@desdev.cn,Male,40
100,Morris,Connew,mconnew2t@jigsy.com,Male,37
101,Briggs,Fidock,bfidock2u@godaddy.com,Male,24
102,Kearney,Sange,ksange2v@china.com.cn,Male,30
103,Mellie,Berzons,mberzons2w@ox.ac.uk,Female,19
104,Shoshana,Laite,slaite2x@dailymail.co.uk,Female,23
105,Clementina,Denerley,cdenerley2y@123-reg.co.uk,Female,31
106,Reggie,Tessington,rtessington2z@msu.edu,Female,64
107,Kristoforo,Causley,kcausley30@jalbum.net,Male,25
108,Dawna,Meneer,dmeneer31@google.de,Female,73
109,Barbara,Kasbye,bkasbye32@delicious.com,Female,20
110,Rivalee,Guitonneau,rguitonneau33@weather.com,Female,33
111,Reginald,Simonetti,rsimonetti34@theguardian.com,Male,18
112,Kania,Cumberland,kcumberland35@livejournal.com,Female,32
113,Clement,Slinn,cslinn36@google.fr,Male,28
114,Wendie,Traher,wtraher37@unesco.org,Female,68
115,Bogey,Hammonds,bhammonds38@youtube.com,Male,31
116,Eddy,Featley,efeatley39@imgur.com,Male,31
117,Morgun,Kapelhof,mkapelhof3a@google.com,Male,21
118,Chloette,Dodell,cdodell3b@oaic.gov.au,Female,49
119,Martita,Stickford,mstickford3c@google.pl,Female,19
120,Carie,Adey,cadey3d@yellowpages.com,Female,18
121,Shepperd,Robilliard,srobilliard3e@arstechnica.com,Male,26
122,Teodoro,Beneyto,tbeneyto3f@clickbank.net,Agender,59
123,Theodor,Monckton,tmonckton3g@geocities.jp,Male,22
124,Archambault,McClay,amcclay3h@engadget.com,Male,46
125,Aggie,Tinsley,atinsley3i@pcworld.com,Female,19
126,Alisa,Marchenko,amarchenko3j@squidoo.com,Female,53
127,Inna,Voas,ivoas3k@foxnews.com,Female,39
128,Row,Janata,rjanata3m@oakley.com,Female,21
129,Danny,Reinger,dreinger3n@reference.com,Male,19
130,Hew,Warlawe,hwarlawe3o@vk.com,Non-binary,35
131,Sonny,Cornely,scornely3p@cocolog-nifty.com,Female,21
132,Daniele,Wardley,dwardley3q@usgs.gov,Female,22
133,Evey,Wordley,ewordley3r@chron.com,Female,23
134,Roselle,Cannings,rcannings3s@slideshare.net,Female,18
135,Etheline,Kear,ekear3t@who.int,Female,19
136,Halsy,MacRory,hmacrory3u@nsw.gov.au,Male,25
137,Hanni,Bottrill,hbottrill3v@sciencedaily.com,Female,49
138,Harald,McCaskell,hmccaskell3w@bigcartel.com,Male,27
139,Giffer,Archibald,garchibald3x@msu.edu,Male,61
140,Kevyn,Riccardelli,kriccardelli3y@de.vu,Bigender,29
141,Katya,Lazar,klazar3z@walmart.com,Female,70
142,Prentiss,Hillum,phillum40@vk.com,Male,43
143,Abe,Shawcroft,ashawcroft41@de.vu,Male,31
144,Lovell,Phittiplace,lphittiplace42@arizona.edu,Male,70
145,Pete,Ponder,pponder43@eepurl.com,Bigender,72
146,Lindsay,Ludlem,lludlem44@sakura.ne.jp,Non-binary,24
147,Paige,Caffrey,pcaffrey45@bing.com,Female,51
148,Ynes,Sleit,ysleit46@wiley.com,Female,73
149,Berti,Piscopiello,bpiscopiello47@google.ca,Male,31
150,Wernher,Malley,wmalley48@alexa.com,Male,21
151,Brett,Bambery,bbambery49@uiuc.edu,Male,58
152,Lindi,Wardhough,lwardhough4a@blog.com,Female,64
153,Dex,Blumsom,dblumsom4b@gov.uk,Male,25
154,Lenee,Broadfield,lbroadfield4c@theglobeandmail.com,Female,66
155,Barbabas,Laugier,blaugier4d@cloudflare.com,Male,21
156,Cicely,Ilett,cilett4e@so-net.ne.jp,Female,35
157,Jarid,Beades,jbeades4f@ifeng.com,Non-binary,27
158,Delcina,Malicki,dmalicki4g@si.edu,Female,32
159,Dorothy,Bover,dbover4h@youtube.com,Female,34
160,Cordelie,Eringey,ceringey4i@google.ru,Female,70
161,Cam,Cashen,ccashen4j@phoca.cz,Female,35
162,Vyky,Sarjeant,vsarjeant4k@flickr.com,Female,24
163,Farlee,Espina,fespina4l@hud.gov,Male,21
164,Fianna,Mumbey,fmumbey4m@people.com.cn,Female,31
165,Freemon,Weildish,fweildish4n@go.com,Male,24
166,Kort,Mirams,kmirams4o@stumbleupon.com,Male,47
167,Gustavus,Scotson,gscotson4p@g.co,Bigender,28
168,Amalee,Latek,alatek4q@intel.com,Female,60
169,Aube,Melross,amelross4r@baidu.com,Male,58
170,Alicia,Brigdale,abrigdale4s@naver.com,Female,28
171,Julienne,Craster,jcraster4t@scientificamerican.com,Female,35
172,Keene,Heighway,kheighway4u@cisco.com,Male,49
173,Hayley,Brelsford,hbrelsford4v@ezinearticles.com,Female,25
174,Jude,Daish,jdaish4w@spiegel.de,Male,52
175,Chloris,Old,cold4x@baidu.com,Female,55
176,Barbara,England,bengland4y@archive.org,Female,58
177,Tildi,Nezey,tnezey4z@wix.com,Female,31
178,Gene,Grigg,ggrigg50@wufoo.com,Male,31
179,Di,Prover,dprover51@howstuffworks.com,Female,73
180,Brantley,Macieja,bmacieja52@edublogs.org,Male,25
181,Stillmann,Matuskiewicz,smatuskiewicz53@slashdot.org,Male,19
182,Hector,Escot,hescot54@booking.com,Male,32
183,Karalee,Muge,kmuge55@t-online.de,Female,68
184,Tito,Mars,tmars56@amazon.com,Male,21
185,Kim,Lamb-shine,klambshine57@e-recht24.de,Female,51
186,Steffen,Craigheid,scraigheid58@statcounter.com,Male,44
187,Filia,Bloor,fbloor59@sfgate.com,Female,33
188,Brandais,Edgars,bedgars5a@elegantthemes.com,Genderqueer,18
189,Scottie,Colrein,scolrein5b@wikimedia.org,Male,28
190,Crin,Margarson,cmargarson5c@intel.com,Female,25
191,Gerard,Hardwidge,ghardwidge5d@51.la,Male,43
192,Yorgo,McCullough,ymccullough5e@eventbrite.com,Male,19
193,Tiertza,Blandamere,tblandamere5f@ovh.net,Female,31
194,Kele,Menichini,kmenichini5g@imdb.com,Male,74
195,Yankee,Zellick,yzellick5h@clickbank.net,Male,33
196,Lowell,Medgwick,lmedgwick5i@ifeng.com,Male,23
197,Carrie,Slatten,cslatten5j@google.ru,Female,20
198,Juliette,Donald,jdonald5k@usnews.com,Female,20
199,Roana,Oxshott,roxshott5l@apple.com,Female,21
200,Archie,Ravilus,aravilus5m@businessinsider.com,Male,73
201,Moina,Greenroad,mgreenroad5n@homestead.com,Female,60
202,Thorpe,Clausius,tclausius5o@europa.eu,Male,41
203,Elizabet,Klasen,eklasen5p@army.mil,Female,44
204,Nikolaus,Melchior,nmelchior5q@cnet.com,Male,75
205,Karlens,Stonary,kstonary5r@wordpress.com,Male,30
206,Cherey,McClurg,cmcclurg5s@amazon.co.uk,Female,23
207,Nikoletta,Stack,nstack5t@parallels.com,Female,71
208,Scot,Lillistone,slillistone5u@hp.com,Male,25
209,Giffie,Itzkovich,gitzkovich5v@dailymotion.com,Male,74
210,Marianna,Trayhorn,mtrayhorn5w@google.ru,Female,69
211,Yanaton,Hickisson,yhickisson5x@microsoft.com,Male,19
212,Tammy,Scamadin,tscamadin5y@joomla.org,Genderqueer,46
213,Cassandre,D'Aulby,cdaulby5z@bluehost.com,Female,44
214,Griffith,Francesch,gfrancesch60@creativecommons.org,Male,54
215,Alvin,McKennan,amckennan61@wix.com,Male,42
216,Jacquie,Sumshon,jsumshon62@prweb.com,Female,31
217,Kissiah,Jacqueminot,kjacqueminot63@constantcontact.com,Female,32
218,Mina,McIlenna,mmcilenna64@ask.com,Female,23
219,Marjorie,Meiklem,mmeiklem65@odnoklassniki.ru,Genderfluid,21
220,Sibyl,Pardoe,spardoe66@macromedia.com,Female,20
221,Abran,Ornelas,aornelas67@wikimedia.org,Agender,22
222,Oates,Duffan,oduffan68@economist.com,Male,20
223,Brandy,Hallbird,bhallbird6a@latimes.com,Male,75
224,Fred,Gerault,fgerault6b@yandex.ru,Female,47
225,Dolley,Perrigo,dperrigo6c@bravesites.com,Female,31
226,Theodoric,Wasmer,twasmer6d@timesonline.co.uk,Male,41
227,Nathan,Buscher,nbuscher6e@t.co,Male,32
228,Ulrike,Liddard,uliddard6f@google.it,Female,20
229,Rutledge,Craik,rcraik6g@blogs.com,Male,62
230,Shea,Writtle,swrittle6i@slideshare.net,Male,22
231,Beryl,Leyfield,bleyfield6j@clickbank.net,Female,72
232,Barbabas,McKyrrelly,bmckyrrelly6k@geocities.jp,Male,32
233,Talya,Sandaver,tsandaver6l@ameblo.jp,Female,68
234,Bertie,Cottrell,bcottrell6m@51.la,Female,31
235,Iggie,Skudder,iskudder6n@youtube.com,Male,27
236,Eugenio,McFeate,emcfeate6o@google.it,Male,73
237,Cristobal,McEvoy,cmcevoy6p@si.edu,Male,61
238,Eldredge,Sharper,esharper6q@google.co.jp,Male,20
239,Candida,Beat,cbeat6r@bbc.co.uk,Female,38
240,Harwell,Domenichelli,hdomenichelli6s@harvard.edu,Male,31
241,Kiel,Gallico,kgallico6t@abc.net.au,Male,70
242,Kelli,Hendriks,khendriks6u@comcast.net,Female,23
243,Dorthy,Petrillo,dpetrillo6v@networkadvertising.org,Female,21
244,Ellwood,Borghese,eborghese6w@wunderground.com,Non-binary,62
245,Oren,Stamps,ostamps6x@wikispaces.com,Male,25
246,Giffer,Joules,gjoules6y@ask.com,Male,22
247,Haily,Yewdale,hyewdale6z@sciencedirect.com,Male,53
248,Roch,Furlonge,rfurlonge70@irs.gov,Female,42
249,Sande,Gradly,sgradly71@msn.com,Non-binary,23
250,Damara,Paviour,dpaviour72@homestead.com,Agender,73
251,Farley,Touhig,ftouhig73@java.com,Polygender,63
252,Lurline,Spinage,lspinage74@nba.com,Bigender,37
253,Gus,Jonas,gjonas75@odnoklassniki.ru,Female,21
254,Marchelle,Wootton,mwootton76@omniture.com,Female,19
255,Ingmar,Marten,imarten77@weibo.com,Bigender,23
256,Corina,Birwhistle,cbirwhistle78@mysql.com,Female,50
257,Rutger,Hardern,rhardern79@about.com,Male,23
258,Jannelle,Ledson,jledson7a@noaa.gov,Female,32
259,Dari,Boissier,dboissier7b@unesco.org,Female,34
260,Abramo,Royce,aroyce7c@yandex.ru,Male,24
261,Charity,Brothwood,cbrothwood7d@github.com,Female,38
262,Piggy,Leel,pleel7e@whitehouse.gov,Male,33
263,Olia,Martensen,omartensen7f@google.ca,Female,40
264,Cherie,Lourens,clourens7g@wordpress.com,Female,21
265,Burl,Arkcoll,barkcoll7h@ibm.com,Male,24
266,Andras,Tampen,atampen7i@sphinn.com,Bigender,20
267,Sandie,Joskowicz,sjoskowicz7j@earthlink.net,Female,33
268,Alphard,Duffell,aduffell7k@theglobeandmail.com,Male,19
269,Belia,Vance,bvance7l@angelfire.com,Female,33
270,Stephi,Wordsley,swordsley7m@livejournal.com,Female,31
271,Griffith,Lenney,glenney7n@washingtonpost.com,Male,18
272,Giavani,Lowthorpe,glowthorpe7o@bandcamp.com,Male,53
273,Samara,Musprat,smusprat7p@skyrock.com,Female,18
274,Orlan,Parsonage,oparsonage7q@washington.edu,Male,57
275,Payton,Snell,psnell7r@shutterfly.com,Male,19
276,Milka,Shakelady,mshakelady7s@cbc.ca,Female,55
277,Nerti,Scase,nscase7t@harvard.edu,Female,33
278,Mae,Huitson,mhuitson7u@mayoclinic.com,Agender,18
279,Pascal,Garnson,pgarnson7v@lycos.com,Male,51
280,Meredeth,Sybry,msybry7w@cloudflare.com,Male,63
281,Lonnie,Gotthard,lgotthard7x@creativecommons.org,Male,19
282,Hugibert,Joesbury,hjoesbury7y@tiny.cc,Male,43
283,Dayna,Wooderson,dwooderson7z@go.com,Female,25
284,Rebecka,Neylon,rneylon80@zdnet.com,Female,22
285,Brandie,Ende,bende81@state.gov,Female,60
286,Alexis,Rehme,arehme82@timesonline.co.uk,Male,71
287,Ruthe,Danick,rdanick83@geocities.jp,Female,21
288,Angele,Borkett,aborkett84@europa.eu,Female,23
289,Armand,Coils,acoils85@aboutads.info,Male,69
290,Sayer,Andrzej,sandrzej86@utexas.edu,Male,18
291,Renado,Clemmey,rclemmey87@europa.eu,Male,31
292,Alon,Ganley,aganley88@apache.org,Male,72
293,Bendick,Feaveryear,bfeaveryear89@nps.gov,Male,22
294,Neely,Pickless,npickless8a@jiathis.com,Female,36
295,Blinni,Siggee,bsiggee8b@spotify.com,Female,24
296,Neel,Lindfors,nlindfors8c@unesco.org,Genderfluid,48
297,Luigi,Pittam,lpittam8d@51.la,Male,18
298,Frederico,Bettaney,fbettaney8e@sina.com.cn,Male,71
299,Elvin,Brierly,ebrierly8f@boston.com,Male,53
300,Vinny,Orrobin,vorrobin8g@w3.org,Male,22
301,Fanchette,Barnsley,fbarnsley8h@youtu.be,Female,33
302,Barnie,Britner,bbritner8i@nydailynews.com,Male,33
303,Gaby,Showler,gshowler8j@shop-pro.jp,Male,41
304,Sherman,Earwaker,searwaker8k@usda.gov,Non-binary,32
305,Jobina,Macoun,jmacoun8l@amazon.co.uk,Female,34
306,Millard,Abson,mabson8m@shop-pro.jp,Male,29
307,Georgi,Chamberlaine,gchamberlaine8n@slashdot.org,Male,23
308,Korella,Chaperling,kchaperling8o@si.edu,Female,64
309,Chery,Nutbeam,cnutbeam8p@yellowpages.com,Female,23
310,Adelbert,Essery,aessery8q@hugedomains.com,Male,31
311,Curran,Buzek,cbuzek8r@yahoo.com,Male,19
312,Kingsley,Portail,kportail8s@miibeian.gov.cn,Male,37
313,Andres,Labin,alabin8t@google.co.uk,Male,75
314,Silvain,De Ortega,sdeortega8u@arizona.edu,Male,33
315,Chelsie,Haythorne,chaythorne8v@jimdo.com,Female,56
316,Zarla,Knappen,zknappen8w@si.edu,Female,18
317,Nadya,Coatts,ncoatts8x@e-recht24.de,Female,70
318,Devin,Creech,dcreech8y@whitehouse.gov,Male,22
319,Gothart,Verne,gverne8z@wisc.edu,Male,64
320,Cole,Duce,cduce90@census.gov,Male,25
321,Sadella,Yesichev,syesichev91@noaa.gov,Female,48
322,Vanya,Axel,vaxel92@livejournal.com,Male,22
323,Chaddy,Langdon,clangdon93@nhs.uk,Male,20
324,Charlton,Ruslen,cruslen94@bigcartel.com,Bigender,72
325,Ilario,Paddie,ipaddie95@godaddy.com,Male,63
326,Stavro,Bamford,sbamford96@hhs.gov,Male,22
327,Rodi,Stawell,rstawell97@angelfire.com,Female,33
328,Ferrel,Ohms,fohms98@wikia.com,Male,42
329,Manolo,Kneath,mkneath99@icio.us,Male,62
330,Jdavie,Wilkins,jwilkins9a@theatlantic.com,Male,31
331,Eddie,Como,ecomo9b@addtoany.com,Female,20
332,Cora,Yelding,cyelding9c@odnoklassniki.ru,Female,25
333,Cyrill,Jancso,cjancso9d@netscape.com,Male,61
334,Pooh,Auguste,pauguste9e@xing.com,Female,20
335,Margie,Grenkov,mgrenkov9f@bloglovin.com,Female,51
336,Keelby,Jarret,kjarret9g@jimdo.com,Agender,24
337,Joana,Rushbury,jrushbury9h@mtv.com,Female,56
338,Martin,Lloyd,mlloyd9i@techcrunch.com,Male,21
339,Travers,Toplis,ttoplis9j@macromedia.com,Male,58
340,Blaire,Wildman,bwildman9k@google.cn,Female,44
341,Lukas,Tween,ltween9l@google.com.au,Male,40
342,Tatiania,Park,tpark9m@thetimes.co.uk,Female,53
343,Ronda,Sulter,rsulter9n@hatena.ne.jp,Female,24
344,Ardelle,Massenhove,amassenhove9o@java.com,Female,22
345,Rosamund,Scalia,rscalia9p@arstechnica.com,Female,62
346,Brynna,Kemmons,bkemmons9q@prnewswire.com,Female,61
347,Augy,Fermin,afermin9r@jigsy.com,Male,21
348,Bartholomeo,Mash,bmash9s@japanpost.jp,Non-binary,41
349,Simonette,Pfleger,spfleger9t@bing.com,Female,18
350,Coretta,Jeacock,cjeacock9u@microsoft.com,Non-binary,18
351,Remus,De Pero,rdepero9v@multiply.com,Male,21
352,Kelley,Coye,kcoye9w@mediafire.com,Male,62
353,Katti,Mandres,kmandres9x@facebook.com,Non-binary,40
354,Charley,Backes,cbackes9y@tmall.com,Male,23
355,Yanaton,Kench,ykencha0@wp.com,Male,27
356,Arleta,Pinkney,apinkneya1@amazon.de,Female,37
357,Ludvig,Klyn,lklyna2@feedburner.com,Agender,21
358,Arnaldo,Elsmor,aelsmora3@nymag.com,Male,19
359,Walliw,Tarquini,wtarquinia4@sitemeter.com,Agender,39
360,Mitchell,Hanhard,mhanharda5@nydailynews.com,Male,19
361,Gerry,Hickeringill,ghickeringilla6@youku.com,Female,64
362,Nikolos,Drable,ndrablea7@sourceforge.net,Male,45
363,Philbert,Todman,ptodmana8@elpais.com,Male,28
364,Lainey,Kamenar,lkamenara9@plala.or.jp,Female,23
365,Othilie,Wield,owieldaa@bigcartel.com,Female,30
366,Merwin,Colt,mcoltab@sina.com.cn,Male,64
367,Correy,Castagneri,ccastagneriac@apache.org,Female,23
368,Kerby,Cosser,kcosserad@archive.org,Male,70
369,Melinda,Elster,melsterae@liveinternet.ru,Female,28
370,Matteo,Matyatin,mmatyatinaf@soup.io,Non-binary,18
371,Stearn,Harrismith,sharrismithah@umich.edu,Male,24
372,Leyla,Demangel,ldemangelai@quantcast.com,Female,60
373,Maressa,Elleton,melletonak@smh.com.au,Female,36
374,Flem,Koles,fkolesal@utexas.edu,Male,22
375,Gloriane,Greenall,ggreenallam@cdc.gov,Female,32
376,Lotty,Spira,lspiraan@imgur.com,Female,73
377,Rudiger,Moorton,rmoortonao@mit.edu,Male,23
378,Corrie,MacRory,cmacroryap@wufoo.com,Female,74
379,Nels,Service,nserviceaq@accuweather.com,Male,18
380,Appolonia,Poultney,apoultneyar@independent.co.uk,Female,72
381,Melisse,Faircley,mfaircleyas@imdb.com,Female,46
382,Normy,Brickett,nbrickettat@bravesites.com,Male,62
383,Cirillo,Hinksen,chinksenau@google.pl,Male,33
384,Grantham,Duffy,gduffyav@google.com.hk,Male,24
385,Jemima,Lowmass,jlowmassaw@cisco.com,Genderfluid,23
386,Mia,Cicculini,mcicculiniax@sourceforge.net,Female,28
387,Cordula,Bricklebank,cbricklebankay@cnet.com,Female,65
388,Luigi,Erik,lerikaz@123-reg.co.uk,Male,25
389,Jolyn,Pennetta,jpennettab0@blogspot.com,Female,72
390,Eveline,Boucher,eboucherb1@timesonline.co.uk,Bigender,35
391,Leanora,Rummings,lrummingsb2@addthis.com,Female,41
392,Cosetta,Newvell,cnewvellb3@yandex.ru,Female,18
393,Cooper,Olorenshaw,colorenshawb4@hostgator.com,Male,67
394,Kylie,Wroughton,kwroughtonb5@webeden.co.uk,Female,31
395,Hanny,Cheeseman,hcheesemanb6@wisc.edu,Female,36
396,Georgeanna,Kefford,gkeffordb7@mayoclinic.com,Female,66
397,Barnaby,Gentzsch,bgentzschb8@hibu.com,Male,18
398,Nollie,Martill,nmartillb9@google.com.br,Polygender,21
399,Laird,Ferreira,lferreiraba@tinyurl.com,Male,21
400,Guillemette,Blees,gbleesbb@yelp.com,Female,57
401,Mallory,Hundy,mhundybc@instagram.com,Female,32
402,Myriam,Robez,mrobezbd@pinterest.com,Non-binary,41
403,Jada,Greasty,jgreastybe@vimeo.com,Female,21
404,Kendra,Rawlin,krawlinbf@alexa.com,Female,20
405,Donnajean,Hadwin,dhadwinbg@storify.com,Female,69
406,Cassy,Lardnar,clardnarbh@live.com,Female,70
407,Stephi,Vest,svestbi@nasa.gov,Agender,69
408,Christen,Jime,cjimebj@nydailynews.com,Female,37
409,Nickey,Alleyn,nalleynbk@wired.com,Male,19
410,Erika,Hatchman,ehatchmanbl@cyberchimps.com,Female,38
411,Jasper,Doberer,jdobererbm@mashable.com,Male,62
412,Babb,O'Carran,bocarranbn@hibu.com,Female,39
413,Mikkel,Prickett,mprickettbo@nydailynews.com,Male,34
414,Bradney,Quenell,bquenellbp@marriott.com,Male,20
415,Seana,Platt,splattbq@spiegel.de,Female,19
416,Lena,Pentony,lpentonybr@livejournal.com,Female,36
417,Fremont,Rougier,frougierbt@reuters.com,Male,19
418,Brod,Rowlinson,browlinsonbu@gov.uk,Male,52
419,Filbert,Nutman,fnutmanbv@aboutads.info,Male,64
420,Freddy,Colter,fcolterbw@bigcartel.com,Female,19
421,Ede,Girardengo,egirardengobx@washingtonpost.com,Female,26
422,Laverne,Agney,lagneyby@adobe.com,Female,47
423,Cacilia,Bony,cbonybz@europa.eu,Agender,52
424,Steven,Goundrill,sgoundrillc0@goo.ne.jp,Male,25
425,Arin,Farmiloe,afarmiloec1@cam.ac.uk,Male,18
426,Tildie,Danell,tdanellc2@myspace.com,Female,31
427,Robby,McKnish,rmcknishc3@icio.us,Female,47
428,Amery,Kiehl,akiehlc4@chron.com,Male,62
429,Chevalier,Clements,cclementsc5@google.nl,Male,44
430,Gretta,Cosgry,gcosgryc6@weebly.com,Female,68
431,Darcey,Limpenny,dlimpennyc7@1und1.de,Female,61
432,Nalani,Botton,nbottonc9@spiegel.de,Female,73
433,Lia,D' Angelo,ldangeloca@amazon.com,Female,69
434,Peirce,Jauncey,pjaunceycb@narod.ru,Male,24
435,Mercedes,Cottrell,mcottrellcc@dagondesign.com,Female,61
436,Augustus,Dougliss,adouglisscd@aol.com,Male,21
437,Lexine,McGloin,lmcgloince@irs.gov,Female,24
438,Mac,Gregan,mgregancf@about.me,Male,25
439,Elsworth,Benian,ebeniancg@163.com,Male,75
440,Benetta,Simioli,bsimiolich@blogs.com,Female,49
441,Kalila,Cruddace,kcruddaceci@hatena.ne.jp,Female,36
442,Devonne,Stoeckle,dstoecklecj@sourceforge.net,Female,23
443,Radcliffe,Byneth,rbynethck@ca.gov,Male,70
444,Joellen,Dorgon,jdorgoncl@blinklist.com,Bigender,63
445,Kath,Basler,kbaslercm@wisc.edu,Female,28
446,Thorvald,Euplate,teuplatecn@bigcartel.com,Male,35
447,Carlynne,Shanahan,cshanahanco@nydailynews.com,Female,53
448,Jorey,Pistol,jpistolcp@who.int,Female,27
449,Farrand,Baulcombe,fbaulcombecq@umich.edu,Female,19
450,Buffy,Crichmere,bcrichmerecr@parallels.com,Female,32
451,Stanwood,McCaffrey,smccaffreycs@macromedia.com,Male,20
452,Matias,Buist,mbuistct@intel.com,Male,19
453,Delcine,Grindle,dgrindlecu@discovery.com,Female,21
454,Kaia,Dowrey,kdowreycv@canalblog.com,Female,25
455,Boigie,Domeny,bdomenycw@storify.com,Male,31
456,Fairfax,Gammill,fgammillcx@drupal.org,Male,29
457,Constance,Founds,cfoundscy@networkadvertising.org,Female,18
458,Meredith,Soppitt,msoppittcz@dedecms.com,Male,70
459,Kermie,Plan,kpland0@slideshare.net,Male,31
460,Maighdiln,Mallinson,mmallinsond1@studiopress.com,Female,58
461,Kirstyn,Sabatier,ksabatierd2@scientificamerican.com,Female,18
462,Giana,Segge,gsegged3@businessweek.com,Female,32
463,Germana,Casserley,gcasserleyd4@comsenz.com,Female,19
464,Roda,Jacqueminet,rjacqueminetd5@yale.edu,Female,30
465,Sally,Speck,sspeckd6@plala.or.jp,Female,64
466,Richie,Spellecy,rspellecyd7@desdev.cn,Male,52
467,Myrwyn,Fullilove,mfulliloved8@google.com.hk,Male,22
468,Jennilee,Bierman,jbiermand9@webmd.com,Female,65
469,Mariquilla,Ledbury,mledburyda@smh.com.au,Female,39
470,Derick,Hazard,dhazarddb@exblog.jp,Male,33
471,Way,Heaford,wheaforddc@utexas.edu,Male,73
472,Quincy,Harnett,qharnettdd@earthlink.net,Male,29
473,Nadia,Danat,ndanatde@nydailynews.com,Female,60
474,Ros,Jakubczyk,rjakubczykdf@cornell.edu,Female,64
475,Leonid,Cicco,lciccodg@ebay.com,Male,32
476,Farah,Klamp,fklampdh@xinhuanet.com,Bigender,23
477,Fidelia,Voisey,fvoiseydi@go.com,Female,19
478,Brett,Mulvagh,bmulvaghdj@google.com.hk,Female,18
479,Donnajean,Comelini,dcomelinidk@wordpress.org,Female,48
480,Dorris,Lucia,dluciadl@thetimes.co.uk,Female,75
481,Belia,Walworche,bwalworchedm@state.tx.us,Female,73
482,Georgiana,Molfino,gmolfinodn@parallels.com,Female,41
483,Sharleen,Biasi,sbiasido@microsoft.com,Female,58
484,Sonnie,Seiffert,sseiffertdp@soup.io,Female,65
485,Antone,Ingleby,ainglebydq@yale.edu,Male,19
486,Cole,Muddle,cmuddledr@youku.com,Male,23
487,Vikki,Prawle,vprawleds@amazon.co.uk,Female,19
488,Wrennie,Kinningley,wkinningleydt@home.pl,Female,19
489,Sky,Cowley,scowleydu@yahoo.com,Male,75
490,Janey,Willstrop,jwillstropdv@biglobe.ne.jp,Female,62
491,Abran,Elms,aelmsdw@dailymail.co.uk,Male,32
492,Justin,Briztman,jbriztmandx@themeforest.net,Male,20
493,Hermy,Mannagh,hmannaghdy@last.fm,Male,39
494,Lou,Bellelli,lbellellidz@japanpost.jp,Female,24
495,Meredeth,Giorgielli,mgiorgiellie0@spiegel.de,Male,67
496,Normand,Style,nstylee1@comcast.net,Male,72
497,Newton,Gherardini,ngherardinie2@t-online.de,Male,43
498,Eustacia,Rizzo,erizzoe3@amazon.com,Female,53
499,Perceval,McLoughlin,pmcloughline4@dagondesign.com,Male,24
500,Carmencita,Ruter,crutere5@constantcontact.com,Genderfluid,48
501,Bryn,Ovett,bovette6@examiner.com,Female,33
502,Susanne,January 1st,sjanuaryste7@moonfruit.com,Female,20
503,Jennie,Gatenby,jgatenbye8@state.tx.us,Female,66
504,Gloria,Gilman,ggilmane9@elpais.com,Female,44
505,Ginni,Spearing,gspearingea@infoseek.co.jp,Female,47
506,Farly,Shipsey,fshipseyeb@alexa.com,Male,72
507,Fransisco,Tackley,ftackleyec@stanford.edu,Polygender,31
508,Bernie,Montel,bmonteled@bravesites.com,Male,38
509,Merrile,Culshew,mculshewee@shareasale.com,Female,61
510,Noelle,Leathley,nleathleyef@free.fr,Female,62
511,Kass,Dawks,kdawkseg@chicagotribune.com,Female,42
512,Sherm,MacVay,smacvayeh@elpais.com,Male,31
513,Marius,Blackstock,mblackstockei@nydailynews.com,Male,32
514,Hinze,Pauletto,hpaulettoej@npr.org,Male,46
515,Brand,Gledstane,bgledstaneek@blog.com,Male,67
516,Carlynn,Thompstone,cthompstoneel@is.gd,Female,38
517,Laurel,Websdale,lwebsdaleem@privacy.gov.au,Female,40
518,Virgilio,Shuttle,vshuttleen@accuweather.com,Male,20
519,Lorry,Makeswell,lmakeswelleo@twitpic.com,Male,31
520,Ferguson,Greenley,fgreenleyep@time.com,Male,54
521,Pollyanna,Leban,plebaneq@wiley.com,Female,22
522,Salli,Dow,sdower@cam.ac.uk,Female,23
523,Moses,Rayworth,mrayworthes@senate.gov,Male,19
524,Hermie,Brockett,hbrockettet@upenn.edu,Male,42
525,Obidiah,Harcus,oharcuseu@comcast.net,Male,21
526,Octavia,Carreyette,ocarreyetteev@jimdo.com,Genderqueer,49
527,Bartram,Piller,bpillerew@unc.edu,Male,43
528,Theresita,Abrahamson,tabrahamsonex@noaa.gov,Female,49
529,Kendricks,Westmore,kwestmoreey@gravatar.com,Male,24
530,Rosalind,Measen,rmeasenez@nba.com,Agender,34
531,Blythe,Colt,bcoltf0@flavors.me,Female,58
532,Alphonso,Mogie,amogief1@bravesites.com,Agender,19
533,Tasha,Soot,tsootf2@va.gov,Female,66
534,Meggy,Cressor,mcressorf3@reuters.com,Female,24
535,Charity,Tredgold,ctredgoldf4@theglobeandmail.com,Female,59
536,Virge,Yukhnevich,vyukhnevichf5@wired.com,Agender,21
537,Reece,Filer,rfilerf6@wix.com,Male,69
538,Karlen,Weedall,kweedallf7@baidu.com,Female,54
539,Isidro,Bareham,ibarehamf8@washingtonpost.com,Male,19
540,Angelo,Drable,adrablef9@google.com.hk,Male,31
541,Hanni,Piggott,hpiggottfa@technorati.com,Female,52
542,Andres,Barras,abarrasfb@house.gov,Male,55
543,Ellery,Sparwell,esparwellfc@ifeng.com,Male,21
544,Melvin,Corsor,mcorsorfd@shinystat.com,Male,41
545,Berrie,Antoniou,bantonioufe@dagondesign.com,Female,33
546,Anett,Courtois,acourtoisff@deviantart.com,Female,35
547,Budd,McCrorie,bmccroriefg@google.es,Male,38
548,Junina,Bounds,jboundsfh@telegraph.co.uk,Female,19
549,Crichton,Bemand,cbemandfi@joomla.org,Male,45
550,Norman,Tanzer,ntanzerfj@washingtonpost.com,Male,49
551,Nels,Hardistry,nhardistryfk@soundcloud.com,Male,71
552,Townsend,Prosh,tproshfl@discovery.com,Male,56
553,Heddi,Search,hsearchfm@dagondesign.com,Female,22
554,Pooh,Tytcomb,ptytcombfn@alexa.com,Female,32
555,Leandra,McInnery,lmcinneryfo@ted.com,Female,20
556,Nicky,Tieraney,ntieraneyfp@sun.com,Male,49
557,Brandise,Danslow,bdanslowfq@ameblo.jp,Female,31
558,Lexie,Mossman,lmossmanfr@tripadvisor.com,Female,25
559,Robenia,Kobiera,rkobierafs@purevolume.com,Female,42
560,Merry,Danilchev,mdanilchevft@indiatimes.com,Agender,22
561,Broddy,Joslin,bjoslinfu@w3.org,Male,27
562,Hamilton,Roches,hrochesfv@yahoo.com,Male,42
563,Josee,Agron,jagronfw@github.com,Agender,19
564,Allayne,Inman,ainmanfx@nature.com,Male,20
565,Helen-elizabeth,Fosh,hfoshfy@cam.ac.uk,Female,33
566,Adolph,Blitzer,ablitzerfz@youtu.be,Male,19
567,Moreen,Epinay,mepinayg0@miitbeian.gov.cn,Female,27
568,Lani,Vinecombe,lvinecombeg1@ucoz.com,Female,23
569,Paula,Strange,pstrangeg2@ox.ac.uk,Genderfluid,46
570,Nicholle,Vice,nviceg3@mac.com,Female,39
571,Henderson,Fray,hfrayg4@hubpages.com,Male,60
572,Emlynn,Lowdes,elowdesg5@pagesperso-orange.fr,Female,33
573,Klarrisa,Broady,kbroadyg6@umich.edu,Female,65
574,Ulysses,Copin,ucoping7@theguardian.com,Male,40
575,Papagena,Aslie,paslieg8@comsenz.com,Female,37
576,Hayden,Playford,hplayfordg9@msn.com,Male,67
577,Si,Attoe,sattoega@jiathis.com,Male,24
578,Kala,Chrishop,kchrishopgb@walmart.com,Female,18
579,Gillie,Shurrock,gshurrockgc@yelp.com,Female,20
580,Etheline,Longrigg,elongrigggd@goo.ne.jp,Female,71
581,Drucy,Durrett,ddurrettge@independent.co.uk,Female,73
582,Alyce,Axston,aaxstongf@bigcartel.com,Female,41
583,Margalit,Lawless,mlawlessgg@microsoft.com,Female,52
584,Saw,Corteis,scorteisgh@census.gov,Male,47
585,Rock,Beevis,rbeevisgi@bloglovin.com,Male,59
586,Cecelia,Bilborough,cbilboroughgj@comcast.net,Female,18
587,Tandie,Dowda,tdowdagk@salon.com,Female,35
588,Kristian,Bannister,kbannistergl@npr.org,Male,19
589,Starla,Jagielski,sjagielskigm@liveinternet.ru,Female,20
590,Carmine,Ruilton,cruiltongn@bloomberg.com,Female,68
591,Clair,Portail,cportailgo@huffingtonpost.com,Male,24
592,Jewel,Epinoy,jepinoygp@timesonline.co.uk,Female,33
593,Brigham,Chapelhow,bchapelhowgq@aboutads.info,Male,19
594,Ryon,Lidell,rlidellgr@xrea.com,Male,31
595,Richie,Flaunier,rflauniergs@soup.io,Male,22
596,Sharl,Mazella,smazellagt@accuweather.com,Female,74
597,Ansel,Donovan,adonovangu@army.mil,Genderqueer,63
598,Lyndsey,Klazenga,lklazengagv@drupal.org,Female,32
599,Audrye,Scown,ascowngw@bravesites.com,Agender,32
600,Briant,Costello,bcostellogx@microsoft.com,Male,23
601,Star,Muggach,smuggachgy@freewebs.com,Female,75
602,Conrade,Wolfindale,cwolfindalegz@fc2.com,Male,73
603,Kial,Dorn,kdornh0@foxnews.com,Female,40
604,Collin,Sellstrom,csellstromh1@youtu.be,Male,18
605,Dominga,Hort,dhorth2@eventbrite.com,Female,60
606,Tedman,Bonett,tbonetth3@ustream.tv,Agender,24
607,Filmore,Holbarrow,fholbarrowh4@imgur.com,Male,34
608,Erinna,Rigts,erigtsh5@newsvine.com,Female,22
609,Wally,Bourdis,wbourdish6@wix.com,Male,73
610,Yank,Gemlbett,ygemlbetth7@bing.com,Male,63
611,Jonie,Helian,jhelianh8@hp.com,Polygender,69
612,Cyrille,O'Spellissey,cospellisseyh9@prlog.org,Male,35
613,Jackelyn,Buswell,jbuswellha@reuters.com,Polygender,34
614,Felic,Primarolo,fprimarolohb@cocolog-nifty.com,Male,46
615,Amos,Waddam,awaddamhc@elpais.com,Male,52
616,Hayden,Brayshaw,hbrayshawhd@examiner.com,Male,39
617,Andras,Wilbore,awilborehe@macromedia.com,Male,24
618,Cris,Duffield,cduffieldhf@usda.gov,Male,32
619,Elsie,Cicerone,eciceronehg@newyorker.com,Female,74
620,Lila,Blagdon,lblagdonhh@technorati.com,Genderfluid,18
621,Maire,Overland,moverlandhi@nasa.gov,Female,25
622,Hi,Gillio,hgilliohj@hud.gov,Polygender,18
623,Madeline,Brasse,mbrassehk@cisco.com,Female,45
624,Horatia,Hattam,hhattamhl@youku.com,Female,52
625,Stacie,Warrier,swarrierhm@illinois.edu,Female,47
626,Poul,Skures,pskureshn@vinaora.com,Genderqueer,40
627,Cristie,Enion,cenionho@shareasale.com,Female,24
628,Germain,Hollyland,ghollylandhp@dagondesign.com,Male,56
629,Floria,Haestier,fhaestierhq@edublogs.org,Female,69
630,Hugo,Groneway,hgronewayhr@domainmarket.com,Male,46
631,Rosaleen,Poley,rpoleyhs@free.fr,Female,20
632,Ivonne,Livings,ilivingsht@discovery.com,Female,50
633,Lynnett,Rubie,lrubiehu@desdev.cn,Female,19
634,Jamison,Peyes,jpeyeshv@umich.edu,Male,66
635,Isiahi,Manicomb,imanicombhw@mtv.com,Male,19
636,Venita,Tomala,vtomalahy@hud.gov,Female,61
637,Kennedy,Ades,kadeshz@de.vu,Genderfluid,25
638,Alick,Nystrom,anystromi0@hp.com,Male,20
639,Mab,Winspare,mwinsparei1@examiner.com,Female,70
640,Kandy,Kneaphsey,kkneaphseyi2@symantec.com,Female,51
641,Klaus,Boylund,kboylundi3@comsenz.com,Male,26
642,Abigail,Visick,avisicki4@meetup.com,Female,18
643,Mortimer,Bleue,mbleuei5@cnbc.com,Male,22
644,Loria,Hamer,lhameri6@webs.com,Female,20
645,Zoe,Drewet,zdreweti7@kickstarter.com,Female,36
646,Marvin,Demangeot,mdemangeoti8@imgur.com,Bigender,21
647,Aylmar,Ivins,aivinsi9@earthlink.net,Male,25
648,Briney,Sutheran,bsutherania@yahoo.co.jp,Female,20
649,Arlie,Reimer,areimerib@cbc.ca,Female,19
650,Tobie,Sloss,tslossic@google.it,Male,21
651,Caesar,Samsonsen,csamsonsenid@acquirethisname.com,Male,24
652,Orsola,Brabant,obrabantie@clickbank.net,Female,24
653,Sibley,Pepperrall,spepperrallif@go.com,Female,21
654,Dionne,Witchard,dwitchardig@yahoo.co.jp,Female,24
655,Mella,Bruyns,mbruynsih@privacy.gov.au,Female,19
656,Leticia,Maletratt,lmaletrattii@pbs.org,Female,50
657,Rouvin,Mellodey,rmellodeyij@dyndns.org,Male,43
658,Anneliese,Triggle,atriggleik@sina.com.cn,Female,54
659,Udell,Onion,uonionil@google.fr,Male,21
660,Aurilia,Baldacchi,abaldacchiim@nyu.edu,Female,35
661,Leonora,Saines,lsainesin@dell.com,Female,18
662,Brittaney,Regus,bregusio@google.co.uk,Female,26
663,Isac,O'Hagirtie,iohagirtieip@bizjournals.com,Male,57
664,Levi,Nehlsen,lnehlseniq@woothemes.com,Male,20
665,Jefferson,Dewar,jdewarir@about.com,Male,18
666,Alwyn,O'dell,aodellis@symantec.com,Male,24
667,Keri,Blincowe,kblincoweit@economist.com,Female,75
668,Stillman,Bangham,sbanghamiu@wired.com,Male,20
669,Pete,Hiland,philandiv@guardian.co.uk,Male,48
670,Raimundo,Jiroutek,rjiroutekiw@ftc.gov,Male,62
671,Lucie,Pook,lpookix@dagondesign.com,Female,20
672,Ryun,Disney,rdisneyiy@bizjournals.com,Male,64
673,Ebba,MacNeachtain,emacneachtainiz@alexa.com,Female,65
674,Dynah,Ivashnikov,divashnikovj0@fema.gov,Female,30
675,Elvis,Crosfield,ecrosfieldj1@geocities.jp,Male,19
676,Tabby,O'Shesnan,toshesnanj2@example.com,Male,22
677,Edee,Whitmell,ewhitmellj3@pinterest.com,Female,33
678,Albert,Mechell,amechellj4@symantec.com,Male,18
679,Joyce,Satchel,jsatchelj6@acquirethisname.com,Female,48
680,Sena,Cammomile,scammomilej7@bloomberg.com,Female,22
681,Orlan,Noton,onotonj8@shop-pro.jp,Male,67
682,Letty,O'Fallone,lofallonej9@globo.com,Female,36
683,Bale,Laxe,blaxeja@dot.gov,Male,37
684,Jessy,McIver,jmciverjb@ucla.edu,Female,63
685,Florri,Luesley,fluesleyjc@rakuten.co.jp,Female,18
686,Nonna,Bindon,nbindonje@marketwatch.com,Female,60
687,Ailbert,Farbrother,afarbrotherjf@artisteer.com,Male,58
688,Sydney,McCunn,smccunnjg@posterous.com,Female,72
689,Ginelle,Gomery,ggomeryji@apple.com,Female,63
690,Blaire,Muncie,bmunciejj@mit.edu,Female,66
691,Fidela,Methingam,fmethingamjk@ca.gov,Female,19
692,Raynard,Rhelton,rrheltonjl@nhs.uk,Male,34
693,Phillie,Tolossi,ptolossijm@cisco.com,Female,20
694,Helga,Weiss,hweissjn@intel.com,Female,45
695,Gavra,Tincknell,gtincknelljo@yahoo.co.jp,Female,66
696,Deanne,Heavy,dheavyjp@google.co.uk,Female,29
697,Harp,Cromwell,hcromwelljq@geocities.com,Male,47
698,Kenton,Gideon,kgideonjr@goo.ne.jp,Male,67
699,Tiffie,Prawle,tprawlejs@printfriendly.com,Female,33
700,Livvyy,Pikhno,lpikhnojt@jalbum.net,Female,29
701,Eustace,Mabe,emabeju@bing.com,Polygender,56
702,Langsdon,Baudy,lbaudyjv@paypal.com,Non-binary,22
703,Eolanda,Greenhalgh,egreenhalghjw@tripod.com,Female,22
704,Willy,Borman,wbormanjx@loc.gov,Female,59
705,Pavel,Hoggan,phogganjy@engadget.com,Male,62
706,Tull,Beckwith,tbeckwithjz@bloglines.com,Male,32
707,Averell,Hess,ahessk0@microsoft.com,Male,39
708,Raychel,Cornelleau,rcornelleauk1@yelp.com,Female,73
709,Rodge,Kitto,rkittok2@live.com,Male,25
710,Annnora,Trimming,atrimmingk3@engadget.com,Female,21
711,Rania,Geertje,rgeertjek4@engadget.com,Agender,73
712,Tiffanie,Trobridge,ttrobridgek6@ox.ac.uk,Female,21
713,Ira,Falls,ifallsk7@nbcnews.com,Genderfluid,35
714,Tomaso,Ince,tincek8@acquirethisname.com,Male,62
715,Alyosha,Yakovlev,ayakovlevk9@rakuten.co.jp,Male,69
716,Dodie,Cristofaro,dcristofaroka@vimeo.com,Female,18
717,Olga,Abrahamian,oabrahamiankb@shop-pro.jp,Female,48
718,Vernon,Peizer,vpeizerkc@angelfire.com,Male,18
719,Rolfe,Cribbin,rcribbinkd@altervista.org,Polygender,21
720,Jania,Donegan,jdoneganke@usgs.gov,Female,20
721,Maryellen,Aggis,maggiskf@webeden.co.uk,Bigender,61
722,Aida,Pitkins,apitkinskg@google.ru,Female,19
723,Joachim,Bonner,jbonnerkh@marriott.com,Male,31
724,Armando,Osgardby,aosgardbyki@g.co,Male,21
725,Jaye,Leitche,jleitchekj@behance.net,Male,20
726,Tildi,Edlestone,tedlestonekk@yolasite.com,Female,67
727,Sam,Farmer,sfarmerkl@bloomberg.com,Male,47
728,John,Jeratt,jjerattkm@icq.com,Male,36
729,Nollie,Brachell,nbrachellkn@dailymail.co.uk,Male,23
730,Theodor,Wilce,twilceko@howstuffworks.com,Male,72
731,Cammie,Cannaway,ccannawaykp@weibo.com,Female,20
732,Carey,Sherrett,csherrettkq@sogou.com,Male,50
733,Isador,Zukierman,izukiermankr@tuttocitta.it,Genderfluid,41
734,Cirillo,Blinder,cblinderks@wix.com,Male,21
735,Piggy,Melchior,pmelchiorkt@gizmodo.com,Male,21
736,Rea,Bailess,rbailessku@wikimedia.org,Female,33
737,Shaun,Millyard,smillyardkv@symantec.com,Female,18
738,Annaliese,Romaine,aromainekw@taobao.com,Female,70
739,Riannon,Kerwin,rkerwinkx@studiopress.com,Female,68
740,Errol,Kernan,ekernanky@usda.gov,Male,54
741,Ricky,Maiklem,rmaiklemkz@bluehost.com,Female,59
742,Esme,Kingh,ekinghl0@howstuffworks.com,Female,57
743,Valry,Lea,vleal1@surveymonkey.com,Female,24
744,Siana,Smiley,ssmileyl2@mozilla.com,Female,32
745,Urson,Szantho,uszanthol3@intel.com,Male,70
746,Mill,Fulleylove,mfulleylovel4@techcrunch.com,Male,23
747,Brina,Varnals,bvarnalsl5@reuters.com,Female,20
748,Bink,Detheridge,bdetheridgel6@scribd.com,Male,35
749,Cristy,Freiberg,cfreibergl7@free.fr,Female,23
750,Sayre,Wrighton,swrightonl8@prnewswire.com,Bigender,37
751,Hobart,Goodwin,hgoodwinl9@canalblog.com,Male,19
752,Harlen,Cobb,hcobbla@cnn.com,Male,32
753,Ruprecht,Grubb,rgrubblb@yellowpages.com,Male,69
754,Emmanuel,Ouldcott,eouldcottlc@ibm.com,Male,24
755,Dannie,Yukhnini,dyukhninild@sogou.com,Female,47
756,Emory,Hackett,ehackettle@sun.com,Male,69
757,Wood,Brumhead,wbrumheadlf@howstuffworks.com,Male,21
758,Devina,Clynman,dclynmanlg@yale.edu,Female,40
759,Gun,Faulder,gfaulderlh@miitbeian.gov.cn,Male,64
760,Massimo,Palek,mpalekli@aboutads.info,Male,20
761,Lyman,Teggart,lteggartlj@umn.edu,Male,64
762,Giusto,Stirley,gstirleylk@a8.net,Male,73
763,Roldan,Kaming,rkamingll@msn.com,Male,55
764,Ibbie,Whyard,iwhyardlm@ameblo.jp,Female,39
765,Letti,Scullard,lscullardln@noaa.gov,Female,59
766,Orelie,Mullins,omullinslo@ucla.edu,Female,34
767,Irv,Beeswing,ibeeswinglp@google.com.hk,Male,37
768,Theda,Pragnall,tpragnalllq@slate.com,Female,25
769,Stefano,Limb,slimblr@who.int,Male,23
770,Paxton,Feldmark,pfeldmarkls@naver.com,Male,24
771,Sidoney,Blonden,sblondenlt@netscape.com,Female,54
772,Salvador,Gateley,sgateleylu@businessinsider.com,Male,30
773,Hansiain,Chilles,hchilleslv@goodreads.com,Male,47
774,Annette,Szantho,aszantholw@hostgator.com,Female,42
775,Reynold,Cardwell,rcardwelllx@homestead.com,Male,25
776,Hana,Karczinski,hkarczinskily@omniture.com,Female,62
777,Jeremiah,Larchier,jlarchierlz@ustream.tv,Male,50
778,Gayel,Bithany,gbithanym0@sbwire.com,Female,66
779,Jobi,Dederich,jdederichm1@cmu.edu,Female,19
780,Katharina,MacCole,kmaccolem2@mediafire.com,Female,64
781,Melly,Nolte,mnoltem3@amazon.co.jp,Female,56
782,Town,Leve,tlevem4@yellowpages.com,Male,61
783,Marcie,Coen,mcoenm5@behance.net,Female,20
784,Agretha,Gewer,agewerm6@joomla.org,Female,45
785,Lynne,Meriton,lmeritonm7@seattletimes.com,Female,67
786,Anthiathia,Bedle,abedlem8@last.fm,Female,47
787,Violante,Cox,vcoxm9@apache.org,Female,22
788,Costanza,Hallows,challowsma@alibaba.com,Female,22
789,Aindrea,MacAree,amacareemb@blogs.com,Female,46
790,Blair,Fermin,bferminmc@i2i.jp,Male,73
791,Bethany,Wellman,bwellmanmd@opera.com,Female,54
792,Curt,Nystrom,cnystromme@yelp.com,Male,50
793,Basil,Littlewood,blittlewoodmf@histats.com,Male,58
794,Philippe,Toye,ptoyemg@engadget.com,Agender,32
795,Celinka,Oleksinski,coleksinskimh@scientificamerican.com,Female,24
796,Enos,Peckett,epeckettmi@free.fr,Male,55
797,Maurita,Varran,mvarranmj@gravatar.com,Female,18
798,Maud,Phuprate,mphupratemk@wikia.com,Female,22
799,Hunt,Giacopelo,hgiacopeloml@nih.gov,Male,38
800,Ronnie,Barus,rbarusmm@spotify.com,Female,51
801,Chrissie,Sheehy,csheehymn@yellowbook.com,Female,21
802,Vivianne,Wilcot,vwilcotmo@harvard.edu,Female,51
803,Gauthier,Walding,gwaldingmp@ovh.net,Male,69
804,Clim,Abrahamson,cabrahamsonmq@tinypic.com,Male,50
805,Becka,Ship,bshipmr@scientificamerican.com,Female,18
806,Edita,Edison,eedisonms@yellowbook.com,Female,28
807,Adrien,Labon,alabonmt@unicef.org,Male,19
808,Marya,Ayrton,mayrtonmu@timesonline.co.uk,Female,49
809,Myrle,Beushaw,mbeushawmv@cloudflare.com,Female,29
810,Joelie,Wedmore,jwedmoremw@state.tx.us,Female,22
811,Nelia,Rizzo,nrizzomx@java.com,Female,24
812,Niel,Passman,npassmanmy@businessinsider.com,Male,46
813,Cristobal,Swateridge,cswateridgemz@chicagotribune.com,Male,25
814,Tyne,Roussel,trousseln0@howstuffworks.com,Genderfluid,18
815,Patrice,Kilday,pkildayn1@mashable.com,Male,31
816,Quill,Trunby,qtrunbyn2@cam.ac.uk,Male,46
817,Elvis,MacLoughlin,emacloughlinn3@kickstarter.com,Male,74
818,Merrielle,Romke,mromken4@desdev.cn,Female,35
819,Cordy,Luxton,cluxtonn5@flickr.com,Male,25
820,Elise,Crafts,ecraftsn6@nba.com,Female,64
821,Vaughn,Sames,vsamesn8@yandex.ru,Male,33
822,Maryjane,Ketteman,mkettemann9@domainmarket.com,Female,62
823,Irwinn,Skellen,iskellenna@cnet.com,Male,25
824,Ashil,Daynter,adaynternb@privacy.gov.au,Female,47
825,Emmerich,Cloonan,ecloonannc@uiuc.edu,Male,28
826,Keefe,Eacle,keaclend@is.gd,Male,31
827,Celisse,Johansson,cjohanssonne@mozilla.com,Female,36
828,Korie,Peppett,kpeppettnf@blogger.com,Female,32
829,Samantha,Mannock,smannockni@icio.us,Female,25
830,Chase,Baumford,cbaumfordnj@eventbrite.com,Male,63
831,Cele,Pignon,cpignonnk@privacy.gov.au,Female,66
832,Odele,Lambe,olambenl@goodreads.com,Female,30
833,Bert,Dunsford,bdunsfordnm@friendfeed.com,Non-binary,45
834,Rene,Haining,rhainingnn@desdev.cn,Male,48
835,Sissie,McKeveney,smckeveneyno@geocities.com,Female,19
836,Tomasine,Treadgold,ttreadgoldnp@spiegel.de,Female,34
837,Jessika,Pascho,jpaschonq@mysql.com,Female,24
838,Gualterio,Tynan,gtynannr@army.mil,Bigender,36
839,Guenna,Marre,gmarrens@mayoclinic.com,Female,49
840,Kyla,Ciccarelli,kciccarellint@home.pl,Female,20
841,Ric,Barstow,rbarstownu@marketwatch.com,Male,55
842,Pietra,Heersema,pheersemanv@nsw.gov.au,Bigender,64
843,Fancie,Brand-Hardy,fbrandhardynw@jimdo.com,Female,49
844,Andrea,Leetham,aleethamnx@reuters.com,Male,29
845,Sawyer,Larciere,slarciereny@comsenz.com,Male,21
846,Bryon,Audus,baudusnz@psu.edu,Male,58
847,Mandy,Brecknock,mbrecknocko0@chronoengine.com,Genderqueer,73
848,Gunther,Beautyman,gbeautymano1@toplist.cz,Male,19
849,Thebault,Sudworth,tsudwortho2@youtube.com,Male,64
850,Geri,Sidden,gsiddeno3@amazonaws.com,Female,20
851,Anjanette,Jarrad,ajarrado4@slashdot.org,Female,25
852,Brod,Bertholin,bbertholino5@webs.com,Male,60
853,Harold,Longmore,hlongmoreo6@wikia.com,Male,52
854,Elva,Wile,ewileo7@sciencedaily.com,Female,54
855,Aeriell,Le febre,alefebreo8@java.com,Female,48
856,Cris,Rydzynski,crydzynskio9@sfgate.com,Agender,19
857,Steven,Pensom,spensomoa@fc2.com,Male,19
858,Joni,Lillecrap,jlillecrapob@opensource.org,Female,68
859,Ernesta,Duggen,eduggenoc@skype.com,Female,20
860,Leena,Rountree,lrountreeod@g.co,Female,61
861,Victoria,Chew,vchewoe@smh.com.au,Female,24
862,Keith,Huntingdon,khuntingdonof@miibeian.gov.cn,Male,52
863,Darsie,Qualtro,dqualtroog@bbb.org,Female,28
864,Ollie,Edmett,oedmettoh@meetup.com,Female,62
865,Alvin,Brunstan,abrunstanoi@lulu.com,Agender,27
866,Fee,Elleray,fellerayoj@ask.com,Male,29
867,Brigid,Caldicott,bcaldicottok@tuttocitta.it,Female,67
868,Clarie,Heberden,cheberdenol@mediafire.com,Female,18
869,Colman,Konzel,ckonzelom@yellowbook.com,Male,45
870,Priscella,O'Hingerty,pohingertyon@cbsnews.com,Female,19
871,Corenda,Goor,cgooroo@pinterest.com,Female,64
872,Mac,Tibbs,mtibbsop@seesaa.net,Genderqueer,70
873,Ogdon,Kornyshev,okornyshevoq@indiatimes.com,Bigender,55
874,Raye,Diggens,rdiggensor@skype.com,Female,19
875,Lorri,Harnott,lharnottos@deliciousdays.com,Female,33
876,Beck,Lyal,blyalot@state.gov,Male,19
877,Ikey,Rubrow,irubrowou@miitbeian.gov.cn,Male,18
878,Aguste,Dutson,adutsonov@nydailynews.com,Male,34
879,Waylin,Dimitriev,wdimitrievow@jugem.jp,Male,39
880,Sterling,Alliband,sallibandox@dell.com,Male,25
881,Buddie,Kruschov,bkruschovoy@addtoany.com,Male,71
882,Donall,Rockall,drockalloz@simplemachines.org,Male,19
883,Anette,Sealy,asealyp0@canalblog.com,Female,29
884,Rutger,Hallgarth,rhallgarthp2@phpbb.com,Male,59
885,Skylar,Cordeau],scordeaup3@disqus.com,Male,32
886,Haslett,McHardy,hmchardyp4@odnoklassniki.ru,Genderfluid,24
887,Wren,Cullimore,wcullimorep5@hao123.com,Female,31
888,Reggy,De Carolis,rdecarolisp6@berkeley.edu,Male,36
889,Gunther,Thurlow,gthurlowp7@about.me,Male,32
890,Fedora,Scimoni,fscimonip8@vkontakte.ru,Female,41
891,Konrad,Bielby,kbielbyp9@cnbc.com,Male,32
892,Avram,Hassall,ahassallpa@symantec.com,Male,39
893,Amory,Straun,astraunpb@kickstarter.com,Male,41
894,Marylynne,Spatari,mspataripc@4shared.com,Female,30
895,Mala,Karle,mkarlepd@bing.com,Female,32
896,Kaitlin,Drable,kdrablepe@berkeley.edu,Female,73
897,Giacopo,Pisco,gpiscopf@etsy.com,Male,19
898,Jewelle,Wroth,jwrothpg@unc.edu,Female,20
899,Nevin,Barthrop,nbarthropph@skype.com,Male,19
900,Udall,Antonovic,uantonovicpi@netscape.com,Male,75
901,Hunfredo,McCartan,hmccartanpj@youtube.com,Genderqueer,18
902,Caesar,Trenholme,ctrenholmepk@zimbio.com,Male,51
903,Ashia,Kofax,akofaxpl@github.io,Female,51
904,Maxine,Duplock,mduplockpm@home.pl,Female,45
905,Minda,Puvia,mpuviapn@omniture.com,Genderqueer,53
906,Amil,Konertz,akonertzpo@yelp.com,Female,51
907,Bartolemo,Denne,bdennepp@people.com.cn,Male,64
908,Jameson,Goneau,jgoneaupq@upenn.edu,Male,32
909,Drusy,Arrighini,darrighinipr@google.com.hk,Female,24
910,Alvan,Kiebes,akiebesps@themeforest.net,Male,18
911,Berti,Lethem,blethempt@acquirethisname.com,Female,20
912,Fonsie,Philpot,fphilpotpu@weebly.com,Male,19
913,Mendel,Creigan,mcreiganpv@adobe.com,Male,18
914,Willy,Jaine,wjainepw@elegantthemes.com,Female,65
915,Artemus,Gregine,agreginepx@hugedomains.com,Male,57
916,Sonya,Slany,sslanypy@kickstarter.com,Female,54
917,Ranique,Coldridge,rcoldridgepz@marriott.com,Female,63
918,Jesus,Absolon,jabsolonq0@twitpic.com,Male,19
919,Waiter,McNay,wmcnayq1@spotify.com,Male,20
920,Romola,Bredbury,rbredburyq2@soup.io,Polygender,58
921,Ron,Horry,rhorryq3@shutterfly.com,Male,32
922,Timmy,Haddrell,thaddrellq4@telegraph.co.uk,Female,21
923,Jonie,Keeri,jkeeriq5@shop-pro.jp,Female,35
924,Harald,Beckensall,hbeckensallq6@google.fr,Male,49
925,Alissa,Galero,agaleroq7@ycombinator.com,Female,39
926,Cthrine,Sture,cstureq8@soundcloud.com,Bigender,59
927,Rafael,Tye,rtyeq9@abc.net.au,Male,53
928,Ines,Cadle,icadleqa@bandcamp.com,Genderqueer,22
929,Keith,Brewis,kbrewisqc@4shared.com,Male,21
930,Murvyn,MacCallister,mmaccallisterqd@gov.uk,Polygender,25
931,Jehanna,Bullock,jbullockqe@seattletimes.com,Female,68
932,Hope,Greensides,hgreensidesqf@trellian.com,Female,21
933,Elisha,Husband,ehusbandqg@ted.com,Female,50
934,Ransom,Huyton,rhuytonqh@webeden.co.uk,Male,34
935,Angel,Screaton,ascreatonqi@is.gd,Female,64
936,Nonna,Gerling,ngerlingqj@nhs.uk,Female,33
937,Wittie,Cawkill,wcawkillqk@fda.gov,Male,26
938,Rosemaria,Eason,reasonql@biglobe.ne.jp,Female,32
939,Ahmed,Lidden,aliddenqm@friendfeed.com,Male,60
940,Luce,Orme,lormeqn@yahoo.co.jp,Male,22
941,Courtney,Guesford,cguesfordqo@blogs.com,Female,40
942,Rog,Byass,rbyassqp@prweb.com,Male,63
943,Aurelie,Weddell,aweddellqq@fema.gov,Female,28
944,Franchot,Ince,finceqr@etsy.com,Male,65
945,Odelinda,Squire,osquireqs@webnode.com,Female,29
946,Loy,Bendtsen,lbendtsenqt@tuttocitta.it,Male,48
947,Bert,Buttwell,bbuttwellqu@elpais.com,Female,62
948,Juliane,Filipchikov,jfilipchikovqv@smugmug.com,Female,50
949,Damiano,Jina,djinaqw@example.com,Genderqueer,59
950,Tibold,Sive,tsiveqx@seesaa.net,Male,27
951,Mac,Manchett,mmanchettqy@acquirethisname.com,Male,41
952,Lauralee,Byron,lbyronqz@cdbaby.com,Female,61
953,Fairfax,Spottiswoode,fspottiswooder0@live.com,Male,19
954,Valina,Reyson,vreysonr1@usa.gov,Female,23
955,Artair,Greatbank,agreatbankr2@soup.io,Male,59
956,Fancy,Whayman,fwhaymanr3@dailymail.co.uk,Agender,24
957,Cornie,Nassau,cnassaur4@auda.org.au,Female,31
958,Joanna,Layton,jlaytonr5@boston.com,Female,20
959,Kin,Robel,krobelr6@disqus.com,Male,25
960,Rupert,Caneo,rcaneor7@boston.com,Male,42
961,Vincenty,Cready,vcreadyr8@chicagotribune.com,Male,31
962,Steward,Worster,sworsterr9@apple.com,Male,25
963,Cilka,Ragot,cragotra@adobe.com,Female,22
964,Micheline,Heaney`,mheaneyrb@tiny.cc,Female,35
965,Van,Philot,vphilotrc@themeforest.net,Male,29
966,Rebecca,Northcote,rnorthcoterd@cbslocal.com,Female,20
967,Rollin,Zorzoni,rzorzonire@ustream.tv,Male,37
968,Slade,Devitt,sdevittrf@wsj.com,Male,39
969,Katy,Puckring,kpuckringrg@wp.com,Genderqueer,41
970,Rossy,Howkins,rhowkinsrh@google.com.br,Male,22
971,Morton,Boarleyson,mboarleysonri@ocn.ne.jp,Agender,45
972,Hercules,Casella,hcasellarj@timesonline.co.uk,Polygender,23
973,Leanna,Morcomb,lmorcombrk@gnu.org,Female,29
974,Syd,Vevers,sveversrl@java.com,Male,41
975,Ahmad,Boath,aboathrm@devhub.com,Male,32
976,Adela,Tickle,aticklern@mashable.com,Female,65
977,Robbi,Le Maitre,rlemaitrero@zimbio.com,Female,24
978,Renee,Connolly,rconnollyrp@prnewswire.com,Female,52
979,Valina,Devoy,vdevoyrq@is.gd,Female,69
980,Thatcher,Robins,trobinsrr@technorati.com,Male,58
